label,url,sections,link_kind,resource_family,file_extension,direct_download,reachable,status,content_type,content_length,downloaded,download_path
Figma,https://www.figma.com/community/file/1651309003795292092/ios-and-ipados-27,Apple Design Resources > iOS and iPadOS > iOS 27 and iPadOS 27 > UI Kit,figma,ui-kit,,False,False,404,text/html;charset=utf-8,757838,,
Sketch,https://www.sketch.com/s/04c24d8b-38fb-4afb-8836-36617e022f02,Apple Design Resources > iOS and iPadOS > iOS 27 and iPadOS 27 > UI Kit,sketch-cloud-share,ui-kit,,False,True,200,text/html; charset=utf-8,5178,,
Figma,https://www.figma.com/community/file/1645923469870515372/app-icon-template-ios-ipados-and-watchos-27,Apple Design Resources > iOS and iPadOS > iOS 27 and iPadOS 27 > App Icon Template,figma,app-icon-template,,False,False,404,text/html;charset=utf-8,757798,,
Sketch,https://sketch.com/s/a443d962-d989-4c5b-b1db-fb7fb3946995,Apple Design Resources > iOS and iPadOS > iOS 27 and iPadOS 27 > App Icon Template,sketch-cloud-share,app-icon-template,,False,True,200,text/html; charset=utf-8,5265,,
"Photoshop, Illustrator",https://devimages-cdn.apple.com/design/resources/download/iOS-27-Icon-Templates-Photoshop-Illustrator.dmg,Apple Design Resources > iOS and iPadOS > iOS 27 and iPadOS 27 > App Icon Template,apple-cdn-download,app-icon-template,.dmg,True,True,200,application/x-apple-diskimage,7566635,,
Figma,https://www.figma.com/community/file/1651309434229735362/macos-27,Apple Design Resources > macOS > macOS 27 > UI Kit,figma,ui-kit,,False,False,404,text/html;charset=utf-8,757906,,
Sketch,https://sketch.com/s/57153a31-3379-4737-8ac6-dbfd6525f052,Apple Design Resources > macOS > macOS 27 > UI Kit,sketch-cloud-share,ui-kit,,False,True,200,text/html; charset=utf-8,,,
Sketch,sketch://add-library?url=https%3A%2F%2Fdeveloper.apple.com%2Fdesign%2Fdownloads%2Fsketch-tvOS.rss,Apple Design Resources > tvOS > tvOS 18 > UI Kit,sketch-library,ui-kit,,False,,,,,,
Sketch,https://devimages-cdn.apple.com/design/resources/download/tvOS-18-Design-Templates-Sketch.dmg,Apple Design Resources > tvOS > tvOS 18 > Templates,apple-cdn-download,design-template,.dmg,True,True,200,application/x-apple-diskimage,22650797,,
Sketch,https://devimages-cdn.apple.com/design/resources/download/tvOS-18-Production-Templates-Sketch.dmg,Apple Design Resources > tvOS > tvOS 18 > Production Templates,apple-cdn-download,design-template,.dmg,True,True,200,application/x-apple-diskimage,237755,,
Photoshop,https://devimages-cdn.apple.com/design/resources/download/tvOS-18-Production-Templates-Photoshop.dmg,Apple Design Resources > tvOS > tvOS 18 > Production Templates,apple-cdn-download,design-template,.dmg,True,True,200,application/x-apple-diskimage,426867,,
Figma,https://www.figma.com/community/file/1540060090060216489/watchos-26,Apple Design Resources > watchOS > watchOS 26 > UI Kit,figma,ui-kit,,False,False,404,text/html;charset=utf-8,757989,,
Sketch,https://sketch.com/s/2b12618d-596c-41fd-8488-132bff9535e7,Apple Design Resources > watchOS > watchOS 26 > UI Kit,sketch-cloud-share,ui-kit,,False,True,200,text/html; charset=utf-8,5181,,
Figma,https://www.figma.com/community/file/1540071341298017505/visionos-26,Apple Design Resources > visionOS > visionOS 26 > UI Kit,figma,ui-kit,,False,False,404,text/html;charset=utf-8,757934,,
Sketch,https://sketch.com/s/eb13bfe1-2ddb-4f87-b92c-740a36abed7a,Apple Design Resources > visionOS > visionOS 26 > UI Kit,sketch-cloud-share,ui-kit,,False,True,200,text/html; charset=utf-8,5184,,
Sketch,sketch://add-library?url=https%3A%2F%2Fdeveloper.apple.com%2Fdesign%2Fdownloads%2Fsketch-visionOS.rss,Apple Design Resources > visionOS > visionOS 2 > UI Kit,sketch-library,ui-kit,,False,,,,,,
Figma,https://www.figma.com/community/file/1253443272911187215/apple-design-resources-visionos,Apple Design Resources > visionOS > visionOS 2 > UI Kit,figma,ui-kit,,False,False,404,text/html;charset=utf-8,757881,,
Sketch,https://devimages-cdn.apple.com/design/resources/download/visionOS-2-Design-Templates-Sketch.dmg,Apple Design Resources > visionOS > visionOS 2 > Templates,apple-cdn-download,design-template,.dmg,True,True,200,application/x-apple-diskimage,38118523,,
"PNG, PDF, SVG",https://devimages-cdn.apple.com/design/resources/download/Glyph-Add-Apple-Watch-Face.dmg,Apple Design Resources > Technologies > Add Apple Watch Face,apple-cdn-download,badge-logo-glyph,.dmg,True,True,200,application/x-apple-diskimage,958566,,
PDF,https://devimages-cdn.apple.com/design/resources/download/Glyph-AirPlay.dmg,Apple Design Resources > Technologies > AirPlay,apple-cdn-download,badge-logo-glyph,.dmg,True,True,200,application/x-apple-diskimage,224256,,
Design Guidelines,https://developer.apple.com/design/human-interface-guidelines/airplay/,Apple Design Resources > Technologies > AirPlay,apple-developer-page,technology-template,,False,True,200,text/html,17800,,
Figma,https://www.figma.com/community/file/1367914571662801866/app-clips,Apple Design Resources > Technologies > App Clips Design Template,figma,technology-template,,False,False,404,text/html;charset=utf-8,757851,,
Sketch,https://sketch.com/s/e6ed1af0-508c-4fd5-bc6f-05f7ccb91c6e,Apple Design Resources > Technologies > App Clips Design Template,sketch-cloud-share,technology-template,,False,True,200,text/html; charset=utf-8,5148,,
PNG,https://devimages-cdn.apple.com/design/resources/download/Icon-Apple-Health.dmg,Apple Design Resources > Technologies > Apple Health Icon,apple-cdn-download,resource-link,.dmg,True,True,200,application/x-apple-diskimage,182601,,
Design Guidelines,https://developer.apple.com/design/human-interface-guidelines/healthkit/,Apple Design Resources > Technologies > Apple Health Icon,apple-developer-page,resource-link,,False,True,200,text/html,17622,,
Figma,https://www.figma.com/community/file/1367915141082663884/apple-pay,Apple Design Resources > Technologies > Apple Pay Design Template,figma,technology-template,,False,False,404,text/html;charset=utf-8,757926,,
Sketch,https://sketch.com/s/b0fa95e1-e12d-4694-895f-a70f39b8f313,Apple Design Resources > Technologies > Apple Pay Design Template,sketch-cloud-share,technology-template,,False,True,200,text/html; charset=utf-8,5148,,
PDF,https://devimages-cdn.apple.com/design/resources/download/Glyph-ARKit.dmg,Apple Design Resources > Technologies > ARKit Badge and Glyph,apple-cdn-download,badge-logo-glyph,.dmg,True,True,200,application/x-apple-diskimage,237874,,
Design Guidelines,https://developer.apple.com/design/human-interface-guidelines/augmented-reality/,Apple Design Resources > Technologies > ARKit Badge and Glyph,apple-developer-page,badge-logo-glyph,,False,True,200,text/html,17825,,
Sketch,https://sketch.com/s/85a0f9d2-d76c-42f9-b681-6225882d8024,Apple Design Resources > Technologies > Camera Control,sketch-cloud-share,resource-link,,False,True,200,text/html; charset=utf-8,5163,,
"PNG, PDF",https://devimages-cdn.apple.com/design/resources/download/Icon-Game-Center.dmg,Apple Design Resources > Technologies > Games and Game Center,apple-cdn-download,resource-link,.dmg,True,True,200,application/x-apple-diskimage,16712148,,
"PNG, PDF",https://devimages-cdn.apple.com/design/resources/download/Icon-HomeKit.dmg,Apple Design Resources > Technologies > HomeKit Icon and Glyph,apple-cdn-download,badge-logo-glyph,.dmg,True,True,200,application/x-apple-diskimage,273651,,
Design Guidelines,https://developer.apple.com/design/human-interface-guidelines/homekit/,Apple Design Resources > Technologies > HomeKit Icon and Glyph,apple-developer-page,badge-logo-glyph,,False,True,200,text/html,17743,,
Figma,https://www.figma.com/community/file/1367915437752334285/live-activities,Apple Design Resources > Technologies > Live Activities Template,figma,technology-template,,False,False,404,text/html;charset=utf-8,757851,,
Sketch,https://sketch.com/s/d1e8992f-14c2-4eef-b29d-24a32c0c0ef9,Apple Design Resources > Technologies > Live Activities Template,sketch-cloud-share,technology-template,,False,True,200,text/html; charset=utf-8,5166,,
Figma,https://www.figma.com/community/file/1367916269438172112/imessage-apps-and-stickers,Apple Design Resources > Technologies > Messages Template,figma,technology-template,,False,False,404,text/html;charset=utf-8,757875,,
Sketch,https://sketch.com/s/d6cd3d23-7aec-43d5-acb9-52f720ff48b7,Apple Design Resources > Technologies > Messages Template,sketch-cloud-share,technology-template,,False,True,200,text/html; charset=utf-8,5145,,
"PNG, PDF, SVG",https://devimages-cdn.apple.com/design/resources/download/Logo-Sign-in-with-Apple.dmg,Apple Design Resources > Technologies > Sign in with Apple Logo,apple-cdn-download,badge-logo-glyph,.dmg,True,True,200,application/x-apple-diskimage,195405,,
Design Guidelines,https://developer.apple.com/design/human-interface-guidelines/sign-in-with-apple/,Apple Design Resources > Technologies > Sign in with Apple Logo,apple-developer-page,badge-logo-glyph,,False,True,200,text/html,18069,,
Figma,https://www.figma.com/community/file/1367916685468040146/sign-in-with-apple,Apple Design Resources > Technologies > Sign in with Apple Buttons,figma,resource-link,,False,True,202,text/html; charset=UTF-8,0,,
Sketch,https://sketch.com/s/7cd7dbf4-41b2-4e90-bb00-2796ced3cf2b,Apple Design Resources > Technologies > Sign in with Apple Buttons,sketch-cloud-share,resource-link,,False,True,200,text/html; charset=utf-8,5175,,
Figma,https://www.figma.com/community/file/1367916969551216595/siri-app-shortcuts,Apple Design Resources > Technologies > Siri and App Shortcuts Template,figma,technology-template,,False,True,202,text/html; charset=UTF-8,0,,
Sketch,https://sketch.com/s/84ba051b-c6ad-48c5-8106-28185947754a,Apple Design Resources > Technologies > Siri and App Shortcuts Template,sketch-cloud-share,technology-template,,False,True,200,text/html; charset=utf-8,5202,,
PNG,https://devimages-cdn.apple.com/design/resources/download/Icon-Siri.dmg,Apple Design Resources > Technologies > Siri Icons,apple-cdn-download,technology-template,.dmg,True,True,200,application/x-apple-diskimage,4504327,,
Figma,https://www.figma.com/community/file/1367917199004804052/tap-to-pay-on-iphone,Apple Design Resources > Technologies > Tap to Pay on iPhone Template,figma,technology-template,,False,True,202,text/html; charset=UTF-8,0,,
Sketch,https://sketch.com/s/fbd2fa90-fadd-403a-b319-0f4d7c04ae5f,Apple Design Resources > Technologies > Tap to Pay on iPhone Template,sketch-cloud-share,technology-template,,False,True,200,text/html; charset=utf-8,5151,,
Figma,https://www.figma.com/community/file/1367917705471226837/tipkit,Apple Design Resources > Technologies > TipKit Template,figma,technology-template,,False,True,202,text/html; charset=UTF-8,0,,
Sketch,https://sketch.com/s/b99f22e1-235e-481b-9ccd-aa7d8f31fedc,Apple Design Resources > Technologies > TipKit Template,sketch-cloud-share,technology-template,,False,True,200,text/html; charset=utf-8,5139,,
Figma,https://www.figma.com/community/file/1367917956770293718/wallet,Apple Design Resources > Technologies > Wallet Template,figma,technology-template,,False,True,202,text/html; charset=UTF-8,0,,
Sketch,https://sketch.com/s/dd2ce40a-097e-486b-9053-b60088e1d6c3,Apple Design Resources > Technologies > Wallet Template,sketch-cloud-share,technology-template,,False,True,200,text/html; charset=utf-8,5139,,
Download SF Pro,https://devimages-cdn.apple.com/design/resources/download/SF-Pro.dmg,Apple Design Resources > Fonts > SF Pro,apple-cdn-download,font,.dmg,True,True,200,application/x-apple-diskimage,217902080,,
Download SF Compact,https://devimages-cdn.apple.com/design/resources/download/SF-Compact.dmg,Apple Design Resources > Fonts > SF Compact,apple-cdn-download,font,.dmg,True,True,200,application/x-apple-diskimage,177619968,,
Download SF Mono,https://devimages-cdn.apple.com/design/resources/download/SF-Mono.dmg,Apple Design Resources > Fonts > SF Mono,apple-cdn-download,font,.dmg,True,True,200,application/x-apple-diskimage,1605572,,
Download New York,https://devimages-cdn.apple.com/design/resources/download/NY.dmg,Apple Design Resources > Fonts > New York,apple-cdn-download,font,.dmg,True,True,200,application/x-apple-diskimage,5501470,,
Download SF Arabic,https://devimages-cdn.apple.com/design/resources/download/SF-Arabic.dmg,Apple Design Resources > Fonts > SF Arabic,apple-cdn-download,font,.dmg,True,True,200,application/x-apple-diskimage,1495864,,
Download SF Armenian,https://devimages-cdn.apple.com/design/resources/download/SF-Armenian.dmg,Apple Design Resources > Fonts > SF Armenian,apple-cdn-download,font,.dmg,True,True,200,application/x-apple-diskimage,969750,,
Download SF Georgian,https://devimages-cdn.apple.com/design/resources/download/SF-Georgian.dmg,Apple Design Resources > Fonts > SF Georgian,apple-cdn-download,font,.dmg,True,True,200,application/x-apple-diskimage,998590,,
Download SF Hebrew,https://devimages-cdn.apple.com/design/resources/download/SF-Hebrew.dmg,Apple Design Resources > Fonts > SF Hebrew,apple-cdn-download,font,.dmg,True,True,200,application/x-apple-diskimage,1663934,,
Learn more,https://developer.apple.com/sf-symbols/,Apple Design Resources > SF Symbols,apple-developer-page,sf-symbols,,False,True,200,text/html,,,
Download SF Symbols 27,https://devimages-cdn.apple.com/design/resources/download/SF-Symbols-27.dmg?2,Apple Design Resources > SF Symbols,apple-cdn-download,sf-symbols,.dmg,True,True,200,application/x-apple-diskimage,445052983,,
Learn more,https://developer.apple.com/icon-composer/,Apple Design Resources > Icon Composer,apple-developer-page,icon-composer,,False,True,200,text/html,,,
Download Icon Composer,https://developer.apple.com/download/all/?q=Icon%20Composer,Apple Design Resources > Icon Composer,apple-developer-page,icon-composer,,False,True,200,text/html;charset=UTF-8,7541,,
Download version 2 for macOS,https://itunespartner.apple.com/assets/downloads/Parallax%20Previewer.dmg,Apple Design Resources > Parallax image tools > Parallax Previewer App,external,platform-resource,.dmg,True,True,200,application/octet-stream,6444470,,
Download version 1 for macOS,https://itunespartner.apple.com/assets/downloads/Parallax%20Previewer_1_0.dmg,Apple Design Resources > Parallax image tools > Parallax Previewer App,external,platform-resource,.dmg,True,True,200,application/octet-stream,7380206,,
User Guide,https://help.apple.com/itc/parallaxpreviewer/,Apple Design Resources > Parallax image tools > Parallax Previewer App,external,resource-link,,False,True,200,text/html; charset=UTF-8,101753,,
Marketing Resources and Identity Guidelines,https://developer.apple.com/app-store/marketing/guidelines/#section-products,Apple Design Resources > Product Bezels,apple-developer-page,product-bezel,,False,True,200,text/html,155713,,
"Photoshop, PNG",https://devimages-cdn.apple.com/design/resources/download/Bezel-Apple-TV.dmg,Apple Design Resources > Product Bezels > Apple TV,apple-cdn-download,product-bezel,.dmg,True,True,200,application/x-apple-diskimage,30886385,,
"Photoshop, PNG",https://devimages-cdn.apple.com/design/resources/download/Bezel-Apple-Watch-Ultra-3-2025.dmg,Apple Design Resources > Product Bezels > Apple Watch Ultra 3 (2025),apple-cdn-download,product-bezel,.dmg,True,True,200,application/x-apple-diskimage,329151217,,
"Photoshop, PNG",https://devimages-cdn.apple.com/design/resources/download/Bezel-Apple-Watch-Ultra-2-2024.dmg,Apple Design Resources > Product Bezels > Apple Watch Ultra 2 (2024),apple-cdn-download,product-bezel,.dmg,True,True,200,application/x-apple-diskimage,185665690,,
"Photoshop, PNG",https://devimages-cdn.apple.com/design/resources/download/Bezel-Apple-Watch-Series-11-2025.dmg,Apple Design Resources > Product Bezels > Apple Watch Series 11,apple-cdn-download,product-bezel,.dmg,True,True,200,application/x-apple-diskimage,357953080,,
"Photoshop, PNG",https://devimages-cdn.apple.com/design/resources/download/Bezel-Studio-Displays.dmg,Apple Design Resources > Product Bezels > Studio Displays,apple-cdn-download,product-bezel,.dmg,True,True,200,application/x-apple-diskimage,56119732,,
"Photoshop, PNG",https://devimages-cdn.apple.com/design/resources/download/Bezel-iMac-M4.dmg,Apple Design Resources > Product Bezels > iMac,apple-cdn-download,product-bezel,.dmg,True,True,200,application/x-apple-diskimage,95428207,,
"Photoshop, PNG",https://devimages-cdn.apple.com/design/resources/download/Bezel-iPad-(A16).dmg,Apple Design Resources > Product Bezels > iPad (A16),apple-cdn-download,product-bezel,.dmg,True,True,200,application/x-apple-diskimage,10679583,,
"Photoshop, PNG",https://devimages-cdn.apple.com/design/resources/download/Bezel-iPad-Air-(M4).dmg,Apple Design Resources > Product Bezels > iPad Air (M4),apple-cdn-download,product-bezel,.dmg,True,True,200,application/x-apple-diskimage,12423692,,
"Photoshop, PNG",https://devimages-cdn.apple.com/design/resources/download/Bezel-iPad-mini-(A17-Pro).dmg,Apple Design Resources > Product Bezels > iPad mini (A17 Pro),apple-cdn-download,product-bezel,.dmg,True,True,200,application/x-apple-diskimage,7569113,,
"Photoshop, PNG",https://devimages-cdn.apple.com/design/resources/download/Bezel-iPad-Pro-(M5).dmg,Apple Design Resources > Product Bezels > iPad Pro (M5),apple-cdn-download,product-bezel,.dmg,True,True,200,application/x-apple-diskimage,6787021,,
"Photoshop, PNG",https://devimages-cdn.apple.com/design/resources/download/Bezel-iPhone-Duo.dmg,Apple Design Resources > Product Bezels > iPhone Duo,apple-cdn-download,product-bezel,.dmg,True,True,200,application/x-apple-diskimage,346669714,,
"Photoshop, PNG",https://devimages-cdn.apple.com/design/resources/download/Bezel-iPhone-18.dmg,Apple Design Resources > Product Bezels > iPhone 18,apple-cdn-download,product-bezel,.dmg,True,True,200,application/x-apple-diskimage,144149642,,
"Photoshop, PNG",https://devimages-cdn.apple.com/design/resources/download/Bezel-iPhone-17.dmg,Apple Design Resources > Product Bezels > iPhone 17,apple-cdn-download,product-bezel,.dmg,True,True,200,application/x-apple-diskimage,265205982,,
"Photoshop, PNG",https://devimages-cdn.apple.com/design/resources/download/Bezel-iPhone-16.dmg,Apple Design Resources > Product Bezels > iPhone 16,apple-cdn-download,product-bezel,.dmg,True,True,200,application/x-apple-diskimage,272784853,,
"Photoshop, PNG",https://devimages-cdn.apple.com/design/resources/download/Bezel-MacBook-Air-M5.dmg,Apple Design Resources > Product Bezels > MacBook Air M5,apple-cdn-download,product-bezel,.dmg,True,True,200,application/x-apple-diskimage,46121412,,
"Photoshop, PNG",https://devimages-cdn.apple.com/design/resources/download/Bezel-MacBook-Pro-M5.dmg,Apple Design Resources > Product Bezels > MacBook Pro M5,apple-cdn-download,product-bezel,.dmg,True,True,200,application/x-apple-diskimage,29605850,,
"Photoshop, PNG",https://devimages-cdn.apple.com/design/resources/download/Bezel-MacBook-Neo.dmg,Apple Design Resources > Product Bezels > MacBook Neo,apple-cdn-download,product-bezel,.dmg,True,True,200,application/x-apple-diskimage,24631781,,
Keynote,https://devimages-cdn.apple.com/design/resources/download/Keynote-Live-Video-Product-Bezel.dmg,Apple Design Resources > Product Bezels > iPhone and iPad for Keynote Live Video,apple-cdn-download,product-bezel,.dmg,True,True,200,application/x-apple-diskimage,8784517,,
View Apple Badges and Logos,https://developer.apple.com/licensing-trademarks/,Apple Design Resources > Badges and Logos,apple-developer-page,badge-logo-glyph,,False,True,200,text/html,112681,,
